ndcg_mean,mrr_mean,kendall_tau_distance_mean
0.8716705748972672,0.30213957358569754,0.3108585855916908
