ndcg_mean,mrr_mean,kendall_tau_distance_mean
0.9819617908121255,0.0033511913370323694,0.109391863684598
