ndcg_mean,mrr_mean,kendall_tau_distance_mean
0.8483870913363164,0.26509678306276635,0.35829822461424343
