ndcg_mean,mrr_mean,kendall_tau_distance_mean
0.8290049739326861,0.1537570587744797,0.3565400188558726
