ndcg_mean,mrr_mean,kendall_tau_distance_mean
0.8130203844319602,0.21519305550352105,0.336900555628267
