ndcg_mean,mrr_mean,kendall_tau_distance_mean
0.8949232894136141,0.19128809503680258,0.3411292548158887
