ndcg_mean,mrr_mean,kendall_tau_distance_mean
0.9100710391815052,0.18113646877674708,0.3033114702893904
