ndcg_mean,mrr_mean,kendall_tau_distance_mean
0.8896186553814581,0.14529848679282403,0.30618099646628666
