ndcg_mean,mrr_mean,kendall_tau_distance_mean
0.826691636931557,0.3060504850431604,0.3802694111422892
