ndcg_mean,mrr_mean,kendall_tau_distance_mean
0.8609887337646911,0.4387206795629926,0.38027773577796686
