ndcg_mean,mrr_mean,kendall_tau_distance_mean
0.8578451537500211,0.10390740640048969,0.2805083266817019
