ndcg_mean,mrr_mean,kendall_tau_distance_mean
0.9625456568138349,1.0,0.12698412698412698
