ndcg_mean,mrr_mean,kendall_tau_distance_mean
0.92467910438956,0.5007936507936509,0.1208865437967605
