ndcg_mean,mrr_mean,kendall_tau_distance_mean
0.8683619878928066,0.22465535902029568,0.280164657443984
