ndcg_mean,mrr_mean,kendall_tau_distance_mean
0.8346674846315679,0.08343739234952087,0.36897648556407114
