ndcg_mean,mrr_mean,kendall_tau_distance_mean
0.8404745493833623,0.048994523958005735,0.328102315397563
