ndcg_mean,mrr_mean,kendall_tau_distance_mean
0.8494079896320239,0.09411121011310117,0.34970349066918593
