ndcg_mean,mrr_mean,kendall_tau_distance_mean
0.860590691153352,0.12887426333875068,0.31815909368809514
