ndcg_mean,mrr_mean,kendall_tau_distance_mean
0.8848779873677032,0.14323304278055493,0.36034894799808936
