ndcg_mean,mrr_mean,kendall_tau_distance_mean
0.8705851017411591,0.07654088290009467,0.34717919200661246
