ndcg_mean,mrr_mean,kendall_tau_distance_mean
0.8925690946781021,0.17507565178383866,0.36820591250725454
